Grupo Operativo,Sucursal,Estado,Municipio
CRR,73 - Anzalduas,Tamaulipas,Reynosa
CRR,74 - Hidalgo (Reynosa),Tamaulipas,Reynosa
CRR,75 - Libramiento (Reynosa),Tamaulipas,Reynosa
EFM,18 - Linda Vista,Nuevo León,Guadalupe
EFM,19 - Valle Soleado,Nuevo León,Guadalupe
EFM,17 - Romulo Garza,Nuevo León,San Nicolás de los Garza
EPL SO,16 - Solidaridad,Nuevo León,Monterrey
EXPO,32 - Allende,Nuevo León,Allende
EXPO,25 - Juarez,Nuevo León,Benito Juárez
EXPO,26 - Cadereyta,Nuevo León,Cadereyta Jiménez
EXPO,24 - Exposicion,Nuevo León,Guadalupe
EXPO,29 - Pablo Livas,Nuevo León,Guadalupe
EXPO,31 - Las Quintas,Nuevo León,Guadalupe
EXPO,33 - Eloy Cavazos,Nuevo León,Guadalupe
EXPO,34 - Montemorelos,Nuevo León,Montemorelos
EXPO,27 - Santiago,Nuevo León,Santiago
EXPO,28 - Guerrero,Tamaulipas,Nuevo Laredo
EXPO,30 - Carrizo,Tamaulipas,Nuevo Laredo
GRUPO CANTERA ROSA (MORELIA),62 - Lazaro Cardenas (Morelia),Michoacán,Morelia
GRUPO CANTERA ROSA (MORELIA),63 - Madero (Morelia),Michoacán,Morelia
GRUPO CANTERA ROSA (MORELIA),64 - Huerta,Michoacán,Morelia
GRUPO CENTRITO,71 - Centrito Valle,Nuevo León,San Pedro Garza García
GRUPO MATAMOROS,65 - Pedro Cardenas,Tamaulipas,Matamoros
GRUPO MATAMOROS,66 - Lauro Villar,Tamaulipas,Matamoros
GRUPO MATAMOROS,67 - Centro (Matamoros),Tamaulipas,Matamoros
GRUPO MATAMOROS,68 - Avenida del Niño,Tamaulipas,Matamoros
GRUPO MATAMOROS,69 - Puerto Rico,Tamaulipas,Matamoros
GRUPO NUEVO LAREDO (RUELAS),80 - Guerrero 2 (Ruelas),Tamaulipas,Nuevo Laredo
GRUPO NUEVO LAREDO (RUELAS),81 - Reforma (Ruelas),Tamaulipas,Nuevo Laredo
GRUPO PIEDRAS NEGRAS,70 - Coahuila Comidas,Coahuila,Piedras Negras
GRUPO RIO BRAVO,79 - Rio Bravo,Tamaulipas,Río Bravo
GRUPO SABINAS HIDALGO,72 - Sabinas Hidalgo,Nuevo León,Sabinas Hidalgo
GRUPO SALTILLO,57 - Harold R. Pape,Coahuila,Monclova
GRUPO SALTILLO,54 - Ramos Arizpe,Coahuila,Ramos Arizpe
GRUPO SALTILLO,52 - Venustiano Carranza,Coahuila,Saltillo
GRUPO SALTILLO,55 - Eulalio Gutierrez,Coahuila,Saltillo
GRUPO SALTILLO,56 - Luis Echeverria,Coahuila,Saltillo
OCHTER TAMPICO,58 - Universidad (Tampico),Tamaulipas,Tampico
OCHTER TAMPICO,59 - Plaza 3601,Tamaulipas,Tampico
OCHTER TAMPICO,60 - Centro (Tampico),Tamaulipas,Tampico
OCHTER TAMPICO,61 - Aeropuerto (Tampico),Tamaulipas,Tampico
OGAS,12 - Concordia,Nuevo León,Apodaca
OGAS,13 - Escobedo,Nuevo León,Escobedo
OGAS,11 - Lincoln,Nuevo León,Monterrey
OGAS,14 - Aztlan,Nuevo León,Monterrey
OGAS,15 - Ruiz Cortinez,Nuevo León,Monterrey
OGAS,8 - Gonzalitos,Nuevo León,Monterrey
OGAS,10 - Barragan,Nuevo León,San Nicolás de los Garza
OGAS,9 - Anahuac,Nuevo León,San Nicolás de los Garza
PLOG LAGUNA,42 - Independencia,Coahuila,Torreón
PLOG LAGUNA,43 - Revolucion,Coahuila,Torreón
PLOG LAGUNA,44 - Senderos,Coahuila,Torreón
PLOG LAGUNA,45 - Triana,Coahuila,Torreón
PLOG LAGUNA,46 - Campestre,Durango,Gómez Palacio
PLOG LAGUNA,47 - San Antonio,Durango,Gómez Palacio
PLOG NUEVO LEON,36 - Apodaca Centro,Nuevo León,Apodaca
PLOG NUEVO LEON,37 - Stiva,Nuevo León,Apodaca
PLOG NUEVO LEON,40 - Plaza 1500,Nuevo León,Escobedo
PLOG NUEVO LEON,39 - Lazaro Cardenas,Nuevo León,Monterrey
PLOG NUEVO LEON,38 - Gomez Morin,Nuevo León,San Pedro Garza García
PLOG NUEVO LEON,41 - Vasconcelos,Nuevo León,San Pedro Garza García
PLOG QUERETARO,49 - Pueblito,Querétaro,Corregidora
PLOG QUERETARO,48 - Refugio,Querétaro,Querétaro
PLOG QUERETARO,50 - Patio,Querétaro,Querétaro
PLOG QUERETARO,51 - Constituyentes,Querétaro,Querétaro
RAP,76 - Aeropuerto (Reynosa),Tamaulipas,Reynosa
RAP,77 - Boulevard Morelos,Tamaulipas,Reynosa
RAP,78 - Alcala,Tamaulipas,Reynosa
EXPO,25 - Juarez,Nuevo León,Benito Juárez
EXPO,29 - Pablo Livas,Nuevo León,Guadalupe
TEPEYAC,Sucursal SC - Santa Catarina,Nuevo León,Santa Catarina
EXPO,28 - Guerrero,Tamaulipas,Nuevo Laredo
EXPO,30 - Carrizo,Tamaulipas,Nuevo Laredo
TEC,21 - Chapultepec,Nuevo León,Guadalupe
TEC,20 - Tecnológico,Nuevo León,Monterrey
TEC,22 - Satelite,Nuevo León,Monterrey
TEC,23 - Guasave,Sinaloa,Guasave
TEPEYAC,Sucursal GC - Garcia,Nuevo León,Garcia
TEPEYAC,6 - Garcia,Nuevo León,García
TEPEYAC,Sucursal GC - Garcia,Nuevo León,García
TEPEYAC,1 - Pino Suarez,Nuevo León,Monterrey
TEPEYAC,2 - Madero,Nuevo León,Monterrey
TEPEYAC,3 - Matamoros,Nuevo León,Monterrey
TEPEYAC,5 - Felix U. Gomez,Nuevo León,Monterrey
TEPEYAC,4 - Santa Catarina,Nuevo León,Santa Catarina
TEPEYAC,7 - La Huasteca,Nuevo León,Santa Catarina
TEPEYAC,Sucursal LH - La Huasteca,Nuevo León,Santa Catarina
TEPEYAC,Sucursal SC - Santa Catarina,Nuevo León,Santa Catarina